Event Message Page URL,Event Source Page URL
http://ewda.tw/,http://ewda.tw/modules/tadnews/index.php?ncsn=1
http://ewda.tw/,http://ewda.tw/modules/tadnews/index.php?ncsn=3
http://ewda.tw/,http://ewda.tw/modules/tadnews/
http://ewda.tw/,http://ewda.tw/modules/ewda_action/
http://www.aheritage.tw/,http://www.aheritage.tw/27511214902223839015.html
http://www.aheritage.tw/,http://www.aheritage.tw/2363735261.html
http://www.parenting.tw/,http://www.parenting.tw/news.asp
http://www.parenting.tw/,http://www.parenting.tw/campaign.asp
https://1289084.kktix.cc/,https://1289084.kktix.cc/
https://e-info.org.tw/,https://e-info.org.tw/event
https://www.artistvillage.org/,https://www.artistvillage.org/event.php
https://www.pcsr.com.tw/ptsr/,https://www.pcsr.com.tw/ptsr/sropsp
http://www.parenting.tw/,http://www.parenting.tw/campaign.asp
http://www.parenting.tw/,http://www.parenting.tw/news.asp
https://erf.org.tw/,https://erf.org.tw/eventlist/
https://erf.org.tw/,https://erf.org.tw/eventlist/
https://www.hfec.org.tw/,https://www.hfec.org.tw/meme-entrance
https://www.hfec.org.tw/,https://www.hfec.org.tw/events
https://travel.taichung.gov.tw/,https://travel.taichung.gov.tw/zh-tw/Event/TouristCalendar/2020/
https://travel.taichung.gov.tw/,https://travel.taichung.gov.tw/zh-tw/Event/News
https://travel.taichung.gov.tw/,https://travel.taichung.gov.tw/zh-tw/Event/PressRelease
http://www.cityyeast.com/,http://www.cityyeast.com/passion3_list.php?passion3type_id2=102
http://www.cityyeast.com/,http://www.cityyeast.com/passion3_list.php
http://www.cityyeast.com/,http://www.cityyeast.com/passion3_list.php?passion3type_id2=34
http://www.cityyeast.com/,http://www.cityyeast.com/passion3_list.php?passion3type_id2=101
http://www.cityyeast.com/,http://www.cityyeast.com/passion3_list.php?passion3type_id2=104
https://www.klccab.gov.tw/,https://www.klccab.gov.tw/ArtsActivitie/Lists/73754d9b-5f20-4f08-9084-da10d90bc8b2?firstpage=1
https://www.klccab.gov.tw/,https://klccwebkac.azurewebsites.net/Web/ShowWeb.aspx
https://www.klccab.gov.tw/,https://www.klccab.gov.tw/NewsAndAnnouncement?type=6
https://www.klccab.gov.tw/,https://www.klccab.gov.tw/CulturalFestival
https://www.klccab.gov.tw/,https://www.klccab.gov.tw/NewsAndAnnouncement?type=8
https://www.klccab.gov.tw/,https://www.klccab.gov.tw/NewsAndAnnouncement?type=7
https://www.klccab.gov.tw/,https://www.klccab.gov.tw/ArtsActivitie/Lists/58442464-10cd-4dcd-9bfe-4b2986dfe3c5?firstpage=1
https://www.chcsec.gov.tw/home,https://event.culture.tw/CHCSEC/portal/Registration/C0101MAction
https://www.chcsec.gov.tw/home,https://event.culture.tw/CHCSEC/portal/Registration/C0102MAction
https://www.chcsec.gov.tw/home,https://www.chcsec.gov.tw/activitysoonlist?uid=1054
https://www.chcsec.gov.tw/home,https://event.culture.tw/CHCSEC/portal/Index/IndexAction?uid=527
https://www.chcsec.gov.tw/home,https://www.chcsec.gov.tw/informationlist?uid=612
https://www.chcsec.gov.tw/home,https://www.chcsec.gov.tw/informationlist?uid=291
https://www.chcsec.gov.tw/home,https://event.culture.tw/CHCSEC/portal/Registration/C0107MAction
https://www.chcsec.gov.tw/home,https://www.chcsec.gov.tw/activitysoonlist?uid=290
https://www.chcsec.gov.tw/home,https://www.chcsec.gov.tw/home
https://luko.talk.tw/Index.aspx,https://luko.talk.tw/ActSearch.aspx?KindID=10
https://luko.talk.tw/Index.aspx,https://luko.talk.tw/ArticleClass.aspx?ClassID=1
https://luko.talk.tw/Index.aspx,https://luko.talk.tw/ArticleClass.aspx?ClassID=10
https://luko.talk.tw/Index.aspx,https://luko.talk.tw/ActSearch.aspx?KindID=9
https://luko.talk.tw/Index.aspx,https://luko.talk.tw/ActSearch.aspx?KindID=4
https://luko.talk.tw/Index.aspx,https://luko.talk.tw/ActSearch.aspx?KindID=2
https://luko.talk.tw/Index.aspx,https://luko.talk.tw/ActSearch.aspx?KindID=13
https://luko.talk.tw/Index.aspx,https://luko.talk.tw/ActSearch.aspx?KindID=12
https://luko.talk.tw/Index.aspx,https://luko.talk.tw/ActSearch.aspx?KindID=8
https://luko.talk.tw/Index.aspx,https://luko.talk.tw/ActSearch.aspx?KindID=6
https://luko.talk.tw/Index.aspx,https://luko.talk.tw/ActSearch.aspx?KindID=11
https://luko.talk.tw/Index.aspx,https://luko.talk.tw/ActSearch.aspx?KindID=1
https://luko.talk.tw/Index.aspx,https://luko.talk.tw/ActSearch.aspx?KindID=7
https://luko.talk.tw/Index.aspx,https://luko.talk.tw/ActSearch.aspx?KindID=3
https://luko.talk.tw/Index.aspx,https://luko.talk.tw/ArticleClass.aspx?ClassID=2
https://luko.talk.tw/Index.aspx,https://luko.talk.tw/ActSearch.aspx?KindID=5
http://ice.net.tw/ice_class_push.php,http://ice.net.tw/news.php
http://tpecitygod.org/,http://tpecitygod.org/hot-news.html
http://www.ice.net.tw/,http://www.ice.net.tw/ice_class_push.php/
http://www.ice.net.tw/,http://www.ice.net.tw/ice_class_hot.php/
http://www.ice.net.tw/,http://www.ice.net.tw/ice_class.php#
http://www.xwtsc.com/,http://www.xwtsc.com/news.php
https://culture.tainan.gov.tw/index.php,http://culture.tainan.gov.tw/album/index.php?m2=51
https://culture.tainan.gov.tw/index.php,http://culture.tainan.gov.tw/album/index.php?m2=50
https://culture.tainan.gov.tw/index.php,http://culture.tainan.gov.tw/act_month/index.php?m2=30
https://culture.tainan.gov.tw/index.php,http://culture.tainan.gov.tw/news/index.php?m2=17
https://culture.tainan.gov.tw/index.php,http://culture.tainan.gov.tw/active/index.php?m2=16
https://culture.tainan.gov.tw/index.php,https://culture.tainan.gov.tw/registration/index.php?m2=53
https://parklanes.com.tw/takewhatyouneed/,https://parklanes.com.tw/events/
https://www.chtf.org.tw/,https://www.chtf.org.tw/news
https://www.tam.gov.taipei/,https://www.tam.gov.taipei/News.aspx?n=794B17A953424610&sms=9D72E82EC16F3E64
https://kml.kcg.gov.tw/,https://kml.kcg.gov.tw/act/info/detail?key=73
https://kml.kcg.gov.tw/,https://kml.kcg.gov.tw/display/now
https://www.superace-sport.com/,https://www.superace-sport.com/superace
https://www.superace-sport.com/,https://www.superace-sport.com/article/special
https://www.nmth.gov.tw/,https://www.nmth.gov.tw/exhibitionlist_236.html
https://www.nmth.gov.tw/,https://www.nmth.gov.tw/activityreglist_51.html
https://www.nmth.gov.tw/,https://www.nmth.gov.tw/activityreglist_50.html
https://www.artcenter.ntpc.gov.tw/,https://www.artcenter.ntpc.gov.tw/xmdoc?xsmsid=0H276560829804689588
https://www.artcenter.ntpc.gov.tw/,https://www.artcenter.ntpc.gov.tw/xmdoc?xsmsid=0G269629197439395113
https://www.artcenter.ntpc.gov.tw/,https://www.artcenter.ntpc.gov.tw/xmdoc?xsmsid=0J241544328901208901
https://www.artcenter.ntpc.gov.tw/,https://www.artcenter.ntpc.gov.tw/xmdoc?xsmsid=0G269629106251547168
https://www.artcenter.ntpc.gov.tw/,https://www.artcenter.ntpc.gov.tw/xceventsnews?xsmsid=0G269627753462801602
https://ys.tcnr.gov.tw/,https://ys.tcnr.gov.tw/activity.php?id=1
https://ys.tcnr.gov.tw/,https://ys.tcnr.gov.tw/news.php?id=4
https://ys.tcnr.gov.tw/,https://ys.tcnr.gov.tw/news.php
https://ys.tcnr.gov.tw/,https://ys.tcnr.gov.tw/activity.php?id=2
https://ys.tcnr.gov.tw/,https://ys.tcnr.gov.tw/news.php?id=2
https://ys.tcnr.gov.tw/,https://ys.tcnr.gov.tw/activity_all.php
https://ys.tcnr.gov.tw/,https://ys.tcnr.gov.tw/activity_calendar.php
https://www.tibe.org.tw/,https://www.tibe.org.tw/tw/news/
https://www.tibe.org.tw/,https://www.tibe.org.tw/tw/show/14/17
https://www.tibe.org.tw/,https://www.tibe.org.tw/tw/show/14/19
https://www.tibe.org.tw/,https://www.tibe.org.tw/tw/show/37/71
https://www.tibe.org.tw/,https://www.tibe.org.tw/tw/news/4
https://www.tibe.org.tw/,https://www.tibe.org.tw/tw/show/37/72
https://www.tibe.org.tw/,https://www.tibe.org.tw/tw/show/14/20
https://www.tibe.org.tw/,https://www.tibe.org.tw/tw/news/7
https://www.tibe.org.tw/,https://www.tibe.org.tw/tw/show/14/18
https://www.ntmofa.gov.tw/,https://www.ntmofa.gov.tw/activitysoonlist_1038.html
https://www.ntmofa.gov.tw/,https://www.ntmofa.gov.tw/activitysoonlist_1056.html
https://www.ntmofa.gov.tw/,https://www.ntmofa.gov.tw/activitysoonlist_1052.html
https://www.ntmofa.gov.tw/,https://www.ntmofa.gov.tw/activitysoonlist_1055.html
https://www.ntmofa.gov.tw/,https://event.culture.tw/NTMOFA/portal/Registration/C0108MAction?queryBean.actKind=100
https://www.ntmofa.gov.tw/,https://event.culture.tw/NTMOFA/portal/Registration/C0107MAction
https://www.ntmofa.gov.tw/,https://www.ntmofa.gov.tw/activitysoonlist_1037.html
https://www.ntmofa.gov.tw/,https://www.ntmofa.gov.tw/activitysoonlist_1053.html
https://www.ntmofa.gov.tw/,https://www.ntmofa.gov.tw/activitysoonlist_1036.html
https://www.ntmofa.gov.tw/,https://event.culture.tw/NTMOFA/portal/Registration/C0108MAction?queryBean.actKind=100
https://www.ntmofa.gov.tw/,https://www.ntmofa.gov.tw/informationlist_1078.html
https://www.ntmofa.gov.tw/,https://event.culture.tw/NTMOFA/portal/Registration/C0102MAction?queryBean.actKind=100
https://www.ntmofa.gov.tw/,https://event.culture.tw/NTMOFA
https://www.ntmofa.gov.tw/,https://www.ntmofa.gov.tw/activitysoonlist_1054.html
https://www.ntmofa.gov.tw/,https://www.ntmofa.gov.tw/informationlist_1074.html
https://www.ntmofa.gov.tw/,https://www.ntmofa.gov.tw/informationlist_1057.html
https://www.ntmofa.gov.tw/,https://www.ntmofa.gov.tw/informationlist_1194.html
https://www.ntmofa.gov.tw/,https://www.ntmofa.gov.tw/calendar_1024.html
http://techpromot.ccu.edu.tw/,http://techpromot.ccu.edu.tw/news/showNewsList/5
http://techpromot.ccu.edu.tw/,http://techpromot.ccu.edu.tw/news/showNewsList/6
http://taichung.trkmall.com.tw,http://taichung.trkmall.com.tw/event.html
http://techpromot.ccu.edu.tw/,http://techpromot.ccu.edu.tw/event/showEventList/
http://www.dadun.culture.taichung.gov.tw/,http://www.dadun.culture.taichung.gov.tw/ConvenientService/EventRegistration/
http://www.dadun.culture.taichung.gov.tw/,http://www.dadun.culture.taichung.gov.tw/TCDCCFrontend/Exhibition/Active
http://www.twcenter.org.tw/,http://www.twcenter.org.tw/archives/category/%e6%b4%bb%e5%8b%95%e6%b6%88%e6%81%af
https://chccp.e-land.gov.tw/,http://chccp.e-land.gov.tw/category/%E6%96%B0%E8%81%9E%E8%A8%8A%E6%81%AF/
https://chccp.e-land.gov.tw/,http://chccp.e-land.gov.tw/1107-1108/
https://chccp.e-land.gov.tw/,http://chccp.e-land.gov.tw/%E6%AD%B7%E5%8F%B2%E5%9B%9E%E9%A1%A7/
https://chccp.e-land.gov.tw/,https://chccp.e-land.gov.tw/%e5%b1%95%e6%bc%94%e8%88%87%e5%ad%b8%e7%bf%92/
https://tydep-eew.com.tw/,https://tydep-eew.com.tw/news.php
https://www.ncl.edu.tw/activityhistory_238_848.html,https://www.ncl.edu.tw/activityhistorylist_238.html
https://www.wildviewtaiwan.org.tw/,https://www.wildviewtaiwan.org.tw/festival
http://www.urcda.org.tw/,http://www.urcda.org.tw/news.html?getId=2
http://www.urcda.org.tw/,http://www.urcda.org.tw/news.html
http://www.urcda.org.tw/,http://www.urcda.org.tw/study.html?getId=1
http://www.urcda.org.tw/,http://www.urcda.org.tw/study.html
http://www.urcda.org.tw/,http://www.urcda.org.tw/study.html
http://www.urcda.org.tw/,http://www.urcda.org.tw/news.html?getId=5
http://www.urcda.org.tw/,http://www.urcda.org.tw/news.html
http://www.urcda.org.tw/,http://www.urcda.org.tw/study.html?getId=2
https://vvg.com.tw/,https://vvg.com.tw/news
https://vvg.com.tw/,https://vvg.com.tw/news
http://www.chi-nanchurch.tw/,http://www.chi-nanchurch.tw/bulletin/board/
http://www.chi-nanchurch.tw/,http://www.chi-nanchurch.tw/bulletin
http://www.chi-nanchurch.tw/,http://www.chi-nanchurch.tw/bulletin/christian
http://www.chi-nanchurch.tw/,http://www.chi-nanchurch.tw/bulletin/events
https://eball.tw/,http://eball.tw/link
https://eball.tw/,https://eball.tw/events
https://eball.tw/,https://eball.tw/events
https://eball.tw/,https://eball.tw/events/netfriend
https://eball.tw/,https://eball.tw/events
https://dac.tw/,http://dac.tw/%20https:/dac.tw/cmoa/vol-6/
https://dac.tw/,http://dac.tw/past-event/
https://dac.tw/,http://dac.tw/exhibitions/
https://dac.tw/,https://dac.tw/events/
https://dac.tw/,https://dac.tw/currentcoming/
https://dac.tw/,https://dac.tw/announcement2/
https://dac.tw/,https://dac.tw/news/
https://dac.tw/,https://dac.tw/cmoaexhibition/
https://dac.tw/,https://dac.tw/others/
https://www.ntcri.gov.tw/,https://www.ntcri.gov.tw/activitysoonlist_160.html
https://www.ntcri.gov.tw/,https://event.culture.tw/NTCRI/portal/Registration/C0108MAction
https://www.ntcri.gov.tw/,https://event.culture.tw/NTCRI/portal/Registration/C0108MAction.action?queryBean.actKind=101
https://www.ntcri.gov.tw/,https://event.culture.tw/NTCRI/portal/Registration/C0101MAction
https://www.ntcri.gov.tw/,https://event.culture.tw/NTCRI/portal/Registration/C0102MAction
https://www.ntcri.gov.tw/,https://www.ntcri.gov.tw/activitysoonlist_160.html
https://www.ntcri.gov.tw/,https://www.ntcri.gov.tw/exhibitionlist_162.html
https://www.ntcri.gov.tw/,https://event.culture.tw/NTCRI/portal/Registration/C0107MAction
https://www.nmh.gov.tw/,https://www.nmh.gov.tw/informationlist_75.html?isdate=1
https://www.nmh.gov.tw/,https://www.nmh.gov.tw/activitysoonlist1_72.html?isexp=1
https://www.nmh.gov.tw/,https://www.nmh.gov.tw/activitysoonlist1_71.html?isexp=3
https://www.nmh.gov.tw/,https://www.nmh.gov.tw/informationlists_74.html
https://www.nmh.gov.tw/,https://www.nmh.gov.tw/informationimgs_69.html
https://www.nmh.gov.tw/,https://www.nmh.gov.tw/activitysoonlist_68.html?isexp=1
https://www.nmh.gov.tw/,https://www.nmh.gov.tw/informationlist_204.html
https://www.nmh.gov.tw/,https://www.nmh.gov.tw/informationlist_207.html
https://www.nmh.gov.tw/,https://www.nmh.gov.tw/activitysoonlist_66.html
https://www.nmh.gov.tw/,https://www.nmh.gov.tw/activitysoonlist_66.html
http://www.asiaartcenter.org/asia/,http://www.asiaartcenter.org/asia/%E5%B1%95%E8%A6%BD2020/
http://www.asiaartcenter.org/asia/,http://www.asiaartcenter.org/asia/%E6%9C%80%E6%96%B0%E6%B6%88%E6%81%AF-2020/
http://www.psy.ntu.edu.tw/,http://www.psy.ntu.edu.tw/index.php/activity/student-association
http://www.psy.ntu.edu.tw/,http://www.psy.ntu.edu.tw/index.php/homepage/speech
https://activity.tipo.gov.tw/,http://activity.tipo.gov.tw/lp.asp?BaseDSD=55&CtNode=817&CtUnit=169&mp=1&nowPage=68&pagesize=10
https://activity.tipo.gov.tw/,http://activity.tipo.gov.tw/lp.asp?BaseDSD=55&CtNode=817&CtUnit=169&mp=1&nowPage=2&pagesize=10
https://activity.tipo.gov.tw/,http://activity.tipo.gov.tw/lp.asp?BaseDSD=55&CtNode=817&CtUnit=169&mp=1&nowPage=11&pagesize=10
https://activity.tipo.gov.tw/,http://activity.tipo.gov.tw/lp.asp?BaseDSD=55&CtNode=817&CtUnit=169&mp=1&nowPage=10&pagesize=10
https://activity.tipo.gov.tw/,http://activity.tipo.gov.tw/lp.asp?BaseDSD=55&CtNode=817&CtUnit=169&mp=1&nowPage=9&pagesize=10
https://activity.tipo.gov.tw/,http://activity.tipo.gov.tw/lp.asp?BaseDSD=55&CtNode=817&CtUnit=169&mp=1&nowPage=8&pagesize=10
https://activity.tipo.gov.tw/,http://activity.tipo.gov.tw/lp.asp?BaseDSD=55&CtNode=817&CtUnit=169&mp=1&nowPage=7&pagesize=10
https://activity.tipo.gov.tw/,http://activity.tipo.gov.tw/lp.asp?BaseDSD=55&CtNode=817&CtUnit=169&mp=1&nowPage=6&pagesize=10
https://activity.tipo.gov.tw/,http://activity.tipo.gov.tw/lp.asp?BaseDSD=55&CtNode=817&CtUnit=169&mp=1&nowPage=5&pagesize=10
https://activity.tipo.gov.tw/,http://activity.tipo.gov.tw/lp.asp?BaseDSD=55&CtNode=817&CtUnit=169&mp=1&nowPage=4&pagesize=10
https://activity.tipo.gov.tw/,http://activity.tipo.gov.tw/lp.asp?BaseDSD=55&CtNode=817&CtUnit=169&mp=1&nowPage=3&pagesize=10
https://activity.tipo.gov.tw/,http://activity.tipo.gov.tw/lp.asp?BaseDSD=55&CtNode=817&CtUnit=169&mp=1&nowPage=2&pagesize=10
https://activity.tipo.gov.tw/,http://activity.tipo.gov.tw/lp.asp?BaseDSD=55&CtNode=817&CtUnit=169&mp=1&nowPage=1&pagesize=10
https://activity.tipo.gov.tw/,http://activity.tipo.gov.tw/lp.asp?BaseDSD=55&CtNode=817&CtUnit=169&mp=1&nowPage=2&pagesize=10
https://activity.tipo.gov.tw/,https://activity.tipo.gov.tw/lp.asp?ctNode=817&CtUnit=169&BaseDSD=55&mp=1
https://fantasystory.com.tw/,https://fantasystory.com.tw/ltp_search.php
https://www.booklife.com.tw/,https://www.booklife.com.tw/event/
https://www.sce.pccu.edu.tw/,https://www.sce.pccu.edu.tw/freetalk.aspx?sitem=startTime&stype=asc
https://culture.skm.com.tw/,http://culture.skm.com.tw/home/cNews
https://culture.skm.com.tw/,https://culture.skm.com.tw/home/cregister
https://culture.skm.com.tw/,https://culture.skm.com.tw/home/performance
https://www.gov.taipei/,https://www.gov.taipei/ActivityTheme3.aspx?n=B1167F83E1FE0CD9&sms=9D72E82EC16F3E64
https://www.gov.taipei/,https://www.gov.taipei/ActivityTheme3.aspx?n=B1167F83E1FE0CD9&sms=9D72E82EC16F3E64
https://kingcar.org.tw/,https://kingcar.org.tw/reading_education/19
https://kingcar.org.tw/,https://kingcar.org.tw/reading_education/41
https://kingcar.org.tw/,https://kingcar.org.tw/reading_education/20
http://kfa.kcg.gov.tw/,http://kfa.kcg.gov.tw/news/announcement
http://kfa.kcg.gov.tw/,http://kfa.kcg.gov.tw/movie/lecture
http://kfa.kcg.gov.tw/,http://kfa.kcg.gov.tw/news/activity
http://kfa.kcg.gov.tw/,http://kfa.kcg.gov.tw/news/hall
http://kfa.kcg.gov.tw/,http://kfa.kcg.gov.tw/news/film
https://hiking.biji.co/,https://hiking.biji.co/index.php?q=minisite&act=list
https://hiking.biji.co/,https://hiking.biji.co/index.php?q=event
https://hiking.biji.co/,https://hiking.biji.co/index.php?q=event&act=weekend
https://hiking.biji.co/,https://hiking.biji.co/index.php?q=event&act=weekend
https://hiking.biji.co/,https://hiking.biji.co/index.php?q=event
https://hiking.biji.co/,https://hiking.biji.co/index.php?q=minisite&act=list
https://hiking.biji.co/,https://hiking.biji.co/index.php?q=event&act=overseas&category=%E5%81%A5%E8%A1%8C%E7%AD%86%E8%A8%98%E6%B5%B7%E5%A4%96%E5%9C%98
https://lifelab.skl.com.tw/,https://lifelab.skl.com.tw/event_lists?type=3
https://lifelab.skl.com.tw/,https://lifelab.skl.com.tw/event_lists?type=
https://lifelab.skl.com.tw/,https://lifelab.skl.com.tw/hotnews?type=11
https://lifelab.skl.com.tw/,https://lifelab.skl.com.tw/hotnews?type=11
https://lifelab.skl.com.tw/,https://lifelab.skl.com.tw/event_lists?type=2
https://lifelab.skl.com.tw/,https://lifelab.skl.com.tw/event_lists?type=4
https://lifelab.skl.com.tw/,https://lifelab.skl.com.tw/event_lists?type=5
https://lifelab.skl.com.tw/, https://lifelab.skl.com.tw/hotnews?type=1
https://lifelab.skl.com.tw/,https://lifelab.skl.com.tw/event_lists?type=
https://tmofa.tycg.gov.tw/,"https://tmofa.tycg.gov.tw/home.jsp?id=112&parentpath=0,3,111"
https://tmofa.tycg.gov.tw/,"https://tmofa.tycg.gov.tw/home.jsp?id=113&parentpath=0,3,111&timeflag=pre"
https://tmofa.tycg.gov.tw/,"https://tmofa.tycg.gov.tw/home.jsp?id=119&parentpath=0,2"
https://tmofa.tycg.gov.tw/,"https://tmofa.tycg.gov.tw/home.jsp?id=89&parentpath=0,3,87"
https://tmofa.tycg.gov.tw/,"https://tmofa.tycg.gov.tw/home.jsp?id=102&parentpath=0,10"
https://tmofa.tycg.gov.tw/,https://tmofa.tycg.gov.tw/home.jsp?id=2&parentpath=0
https://tmofa.tycg.gov.tw/,"https://tmofa.tycg.gov.tw/home.jsp?id=91&parentpath=0,3,87&timeflag=his"
https://tmofa.tycg.gov.tw/,"https://tmofa.tycg.gov.tw/home.jsp?id=85&parentpath=0,2"
https://tmofa.tycg.gov.tw/,"https://tmofa.tycg.gov.tw/home.jsp?id=94&parentpath=0,3,87&timeflag=pre"
https://tmofa.tycg.gov.tw/,"https://tmofa.tycg.gov.tw/home.jsp?id=103&contentid=103&parentpath=0,3"
https://tmofa.tycg.gov.tw/,"https://tmofa.tycg.gov.tw/home.jsp?id=86&contentid=86&parentpath=0,2"
https://tmofa.tycg.gov.tw/,"https://tmofa.tycg.gov.tw/home.jsp?id=94&parentpath=0,3,87&timeflag=pre"
https://tmofa.tycg.gov.tw/,"https://tmofa.tycg.gov.tw/home.jsp?id=89&websitelink=activityhot_list.jsp&parentpath=0,3,87"
https://tmofa.tycg.gov.tw/,"https://tmofa.tycg.gov.tw/home.jsp?id=86&parentpath=0,2"
http://bambooculture.com/,http://bambooculture.com/news2015
http://bambooculture.com/,http://bambooculture.com/event-all
http://www.comedy.com.tw/,http://www.comedy.com.tw/page/2/
http://www.comedy.com.tw/,http://www.comedy.com.tw/
http://www.psygarden.com.tw/,"http://www.psygarden.com.tw/news.php?func=class,Content"
http://www.psygarden.com.tw/,http://www.psygarden.com.tw/news.php?func=class
http://www.psygarden.com.tw/,http://www.psygarden.com.tw/news.php
https://cavesconnect.cavesbooks.com.tw/,https://cavesconnect.cavesbooks.com.tw/events/
https://law.moeasmea.gov.tw/ailt/,https://law.moeasmea.gov.tw/ailt/modules/events/
https://www.orchina.net/,https://www.orchina.net/events
http://nfu.buyersline.com.tw/,http://nfu.buyersline.com.tw/classes.php
http://nfu.buyersline.com.tw/,http://nfu.buyersline.com.tw/news.php
https://cheng-sing.com/productHotDetail/e2af9bea-dcc9-e4cc-a6de-96051ae0a6f1,http://cheng-sing.com/productHot
https://cheng-sing.com/productHotDetail/e2af9bea-dcc9-e4cc-a6de-96051ae0a6f1,https://cheng-sing.com/productInformation
https://cheng-sing.com/productHotDetail/e2af9bea-dcc9-e4cc-a6de-96051ae0a6f1,https://cheng-sing.com/blog
https://www.bopiliao.taipei/,https://www.bopiliao.taipei/Event_News
https://www.bopiliao.taipei/,https://www.bopiliao.taipei/News
http://www.gston.com.tw/,http://www.gston.com.tw/news.php/
http://www.gston.com.tw/,http://www.gston.com.tw/product.php
http://www.gston.com.tw/,http://www.gston.com.tw/product.php?main=73
http://www.gston.com.tw/,http://www.gston.com.tw/product.php?main=74
https://tpml.gov.taipei/,https://tpml.gov.taipei/News.aspx?n=3951678DEC0A8461&sms=9D72E82EC16F3E64
https://tpml.gov.taipei/,https://tpml.gov.taipei/News.aspx?n=16B1C97B7BB71624&sms=72544237BBE4C5F6
https://tpml.gov.taipei/,https://tpml.gov.taipei/News.aspx?n=68A4C6DA03531601&sms=ABDA4D9D1C570290
https://tpml.gov.taipei/,https://tpml.gov.taipei/News.aspx?n=057F7CE33AEF867C&sms=9D72E82EC16F3E64
https://www.ukeas.com.tw/,https://www.ukeas.com.tw/ukeasnews-event-list.php
https://www.ukeas.com.tw/,https://www.ukeas.com.tw/ukeasnews-overview.php
https://www.ukeas.com.tw/,https://www.ukeas.com.tw/ukeasnews-overview.php
https://www.ukeas.com.tw/,https://www.ukeas.com.tw/comingevents.php
https://www.ukeas.com.tw/,https://www.ukeas.com.tw/webinars.php
https://www.ukeas.com.tw/,https://www.ukeas.com.tw/ukeasnews-news-list.php
http://www.mm007life.com/index.aspx,http://www.mm007life.com/page/news/index.aspx?kind=20
http://www.mm007life.com/index.aspx,http://www.mm007life.com/page/news/index.aspx?kind=63&root=20
http://www.mm007life.com/index.aspx,http://www.mm007life.com/page/news/index.aspx?kind=82&root=20
http://www.mm007life.com/index.aspx,http://www.mm007life.com/page/news/index.aspx?kind=80&root=20
http://www.mm007life.com/index.aspx,http://www.mm007life.com/page/news/index.aspx?kind=61&root=20
http://www.mm007life.com/index.aspx,http://www.mm007life.com/page/news/index.aspx?kind=81&root=20
http://www.mm007life.com/index.aspx,http://www.mm007life.com/page/news/index.aspx?kind=84&root=20
http://www.mm007life.com/index.aspx,http://www.mm007life.com/page/news/index.aspx?ROOT=20
http://www.mm007life.com/index.aspx,http://www.mm007life.com/page/news/index.aspx?kind=62&root=20
http://www.mm007life.com/index.aspx,http://www.mm007life.com/page/news/index.aspx?kind=64&root=20
https://tttc.ncfta.gov.tw/home/zh-tw,https://tttc.ncfta.gov.tw/home/zh-tw/PressRoom
https://tttc.ncfta.gov.tw/home/zh-tw,https://tttc.ncfta.gov.tw/home/zh-tw/activities
https://tttc.ncfta.gov.tw/home/zh-tw,https://tttc.ncfta.gov.tw/home/zh-tw/OperaArt
https://tttc.ncfta.gov.tw/home/zh-tw,https://tttc.ncfta.gov.tw/home/zh-tw/encore72hrs
https://tttc.ncfta.gov.tw/home/zh-tw,https://tttc.ncfta.gov.tw/home/zh-tw/OperaBase
https://tttc.ncfta.gov.tw/home/zh-tw,https://event.culture.tw/XCT/portal/Registration/C0108MAction
https://tttc.ncfta.gov.tw/home/zh-tw,https://event.culture.tw/XCT/portal/Registration/C0107MAction
https://tttc.ncfta.gov.tw/home/zh-tw,https://tttc.ncfta.gov.tw/home/zh-tw/LectureTowardDrama
https://tttc.ncfta.gov.tw/home/zh-tw,https://tttc.ncfta.gov.tw/home/zh-tw/news
https://tttc.ncfta.gov.tw/home/zh-tw,https://tttc.ncfta.gov.tw/home/zh-tw/seriesactivities
https://tttc.ncfta.gov.tw/home/zh-tw,https://tttc.ncfta.gov.tw/home/zh-tw/EPinformation
https://tttc.ncfta.gov.tw/home/zh-tw,https://event.culture.tw/XCT/portal/Registration/C0102MAction
http://www.guandu-natureart.tw/,http://www.guandu-natureart.tw/news/
http://www.guandu-natureart.tw/,http://www.guandu-natureart.tw/events
http://www.wsa.com.tw/index.php,http://www.wsa.com.tw/programinfo.php?pt_index=1
http://www.wsa.com.tw/index.php,http://www.wsa.com.tw/programinfo.php?pt_index=4
http://www.wsa.com.tw/index.php,http://www.wsa.com.tw/programinfo.php?pt_index=2
http://www.wsa.com.tw/index.php,http://www.wsa.com.tw/programinfo.php?pt_index=3
http://www.wsa.com.tw/index.php,http://www.wsa.com.tw/programinfo2.php?pt_index=5
http://www.wsa.com.tw/index.php,http://www.wsa.com.tw/summary.php
https://community.decathlon.tw/,http://community.decathlon.tw/activities?page=1&startDate=2020-11-30
https://community.decathlon.tw/,https://community.decathlon.tw/en/activities?lat=23.786345&long=120.993884&distance=300&startDate=2020-11-03&page=1
https://ievents.iii.org.tw/Default.aspx,https://ievents.iii.org.tw/EventList.aspx
https://www.ncu.edu.tw/,https://www.ncu.edu.tw/events
http://cpmat.org.tw/,http://cpmat.org.tw/?p=5518
http://cpmat.org.tw/,http://cpmat.org.tw/?p=5856
http://cpmat.org.tw/,http://cpmat.org.tw/?cat=1
http://cpmat.org.tw/,http://cpmat.org.tw/?cat=21
http://cpmat.org.tw/,http://cpmat.org.tw/?cat=1
http://cpmat.org.tw/,http://cpmat.org.tw/?p=6871
http://cpmat.org.tw/,http://cpmat.org.tw/?cat=20
http://www.wfcn.org.tw/,http://www.wfcn.org.tw/Activity.aspx?id=113
http://www.wfcn.org.tw/,http://www.wfcn.org.tw/List.aspx?tid=6
https://www.228.org.tw/,https://www.228.org.tw/228museum_exhibition.php?sn=5
https://www.228.org.tw/,https://www.228.org.tw/228museum_event.php?sn=1
http://www.eagletek.com.tw/,http://www.eagletek.com.tw/news.php
http://www.eagletek.com.tw/,http://www.eagletek.com.tw/news.php?cat=2
http://www.eagletek.com.tw/,http://www.eagletek.com.tw/news.php?cat=1
http://www.eagletek.com.tw/,http://www.eagletek.com.tw/news.php?cat=1
https://south.npm.gov.tw/,https://south.npm.gov.tw/ExhibitionsListC003110.aspx?appname=Exhibition3111
https://south.npm.gov.tw/,https://south.npm.gov.tw/ActivityInfoListC003210.aspx?appname=ActivityInfo3212
https://south.npm.gov.tw/,https://south.npm.gov.tw/ActivityInfoListC003210.aspx?appname=ActivityInfo3211
https://south.npm.gov.tw/,https://south.npm.gov.tw/ExhibitionsListC003110.aspx?appname=Exhibition3112
https://toybank.ntpc.gov.tw/,https://toybank.ntpc.gov.tw/toybank/volunteer.php?type=5
https://toybank.ntpc.gov.tw/,https://toybank.ntpc.gov.tw/toybank/volunteer.php
https://toybank.ntpc.gov.tw/,https://toybank.ntpc.gov.tw/toybank/volunteer.php?type=3
https://toybank.ntpc.gov.tw/,https://toybank.ntpc.gov.tw/toybank/event.php?type=0
https://toybank.ntpc.gov.tw/,https://toybank.ntpc.gov.tw/toybank/volunteer.php?type=4
https://toybank.ntpc.gov.tw/,https://toybank.ntpc.gov.tw/toybank/volunteer.php?type=6
https://www.ntso.gov.tw/,https://event.culture.tw/NTSO/portal/Registration/C0102MAction?queryBean.actKind=A01
https://www.ntso.gov.tw/,https://event.culture.tw/NTSO/portal/Registration/C0107MAction
https://www.ntso.gov.tw/,https://www.ntso.gov.tw/activitysoonlist?uid=204
https://www.ntso.gov.tw/,https://www.ntso.gov.tw/informationlist?uid=22
https://www.ntso.gov.tw/,https://event.culture.tw/NTSO/portal/Registration/C0102MAction
https://www.ntso.gov.tw/,https://event.culture.tw/NTSO/portal/Registration/C0108MAction.action?queryBean.actKind=D01
https://www.ntso.gov.tw/,https://event.culture.tw/NTSO/portal/Registration/C0108MAction
https://www.ntso.gov.tw/,https://www.ntso.gov.tw/activitysoons?uid=201&ispay=1
http://investmentcommunity16888.blogspot.com/,http://investmentcommunity16888.blogspot.com/search/label/%E8%A1%8D%E7%94%9F%E6%80%A7%E9%87%91%E8%9E%8D%E5%95%86%E5%93%81
http://investmentcommunity16888.blogspot.com/,http://investmentcommunity16888.blogspot.com/search/label/%E6%AD%A3%E7%B5%B1%E6%8A%80%E8%A1%93%E5%88%86%E6%9E%90
http://investmentcommunity16888.blogspot.com/,http://investmentcommunity16888.blogspot.com/search/label/%E6%9C%80%E6%96%B0%E8%AA%B2%E7%A8%8B%E8%B3%87%E8%A8%8A
http://investmentcommunity16888.blogspot.com/,http://investmentcommunity16888.blogspot.com/search/label/%E6%AD%A3%E7%B5%B1%E6%8A%80%E8%A1%93%E5%88%86%E6%9E%90
http://investmentcommunity16888.blogspot.com/,http://investmentcommunity16888.blogspot.com/search/label/%E8%A1%8D%E7%94%9F%E6%80%A7%E9%87%91%E8%9E%8D%E5%95%86%E5%93%81
http://investmentcommunity16888.blogspot.com/,http://investmentcommunity16888.blogspot.com/search/label/%E5%85%B6%E4%BB%96%E8%AA%B2%E7%A8%8B
http://investmentcommunity16888.blogspot.com/,http://investmentcommunity16888.blogspot.com/search/label/%E5%85%B6%E4%BB%96%E8%AA%B2%E7%A8%8B
http://investmentcommunity16888.blogspot.com/,http://investmentcommunity16888.blogspot.com/search/label/%E6%9C%80%E6%96%B0%E8%AA%B2%E7%A8%8B%E8%B3%87%E8%A8%8A
http://investmentcommunity16888.blogspot.com/,http://investmentcommunity16888.blogspot.com/search/label/%E6%8A%95%E8%B3%87%E8%AC%9B%E5%BA%A7?max-results=10
http://investmentcommunity16888.blogspot.com/,http://investmentcommunity16888.blogspot.com/search/label/%E6%8A%95%E8%B3%87%E8%AC%9B%E5%BA%A7
http://investmentcommunity16888.blogspot.com/,http://investmentcommunity16888.blogspot.com/search/label/%E6%9C%80%E6%96%B0%E8%AA%B2%E7%A8%8B%E8%B3%87%E8%A8%8A?max-results=10
http://investmentcommunity16888.blogspot.com/,http://investmentcommunity16888.blogspot.com/search/label/%E6%8A%95%E8%B3%87%E8%AC%9B%E5%BA%A7
